{
  "version": "2024.1",
  "applications": [],
  "platforms": [
    {
      "name": "design_1_wrapper"
    }
  ],
  "systems": [
    {
      "name": "temperature_turret_system",
      "platform": "C:/Users/dries/Temperature_turret/design_1_wrapper/export/design_1_wrapper/design_1_wrapper.xpfm",
      "sysConfig": "design_1_wrapper",
      "buildConfig": "Debug",
      "applications": [
        {
          "name": "temperature_turret",
          "platform": "C:/Users/dries/Temperature_turret/design_1_wrapper/export/design_1_wrapper/design_1_wrapper.xpfm",
          "platformPath": "C:\\Users\\dries\\Temperature_turret\\design_1_wrapper\\export\\design_1_wrapper",
          "sysConfig": "design_1_wrapper",
          "domain": "standalone_ps7_cortexa9_0",
          "system": "temperature_turret_system"
        }
      ],
      "platformPath": "C:\\Users\\dries\\Temperature_turret\\design_1_wrapper\\export\\design_1_wrapper"
    }
  ],
  "others": []
}